d,p,p_gt_2d,classes_checked,min_N_irr,max_N_irr,main_term,min_ratio,argmin_f_low_first,always_positive
2,3,0,1,6,6,6.75,0.888889,0 0 1,1
2,5,1,1,30,30,31.25,0.96,0 0 1,1
2,7,1,1,84,84,85.75,0.979592,0 0 1,1
2,11,1,1,330,330,332.75,0.991736,0 0 1,1
2,13,1,1,546,546,549.25,0.994083,0 0 1,1
3,3,0,9,11,15,13.5,0.814815,0 2 0 1,1
3,5,0,5,99,107,104.167,0.9504,0 1 0 1,1
3,7,1,7,391,407,400.167,0.977093,0 1 0 1,1
3,11,1,11,2418,2458,2440.167,0.990916,0 1 0 1,1
3,13,1,13,4730,4786,4760.167,0.993663,0 2 0 1,1
4,3,0,9,27,37,30.375,0.888889,0 0 2 0 1,1
4,5,0,25,375,402,390.625,0.96,0 1 2 0 1,1
4,7,0,49,2058,2131,2100.875,0.979592,0 3 0 0 1,1
4,11,1,121,20035,20420,20131.375,0.995213,0 1 10 0 1,1
4,13,1,169,46212,46818,46411.625,0.995699,0 1 0 0 1,1
5,3,0,27,63,79,72.9,0.864198,0 1 0 2 0 1,1
5,5,0,625,1450,1650,1562.5,0.928,0 1 0 0 0 1,1
5,7,0,343,11654,11893,11764.9,0.990574,0 3 0 2 0 1,1
6,3,0,243,156,204,182.25,0.855967,0 0 0 0 0 0 1,1
6,5,0,625,6383,6629,6510.417,0.980429,0 0 4 0 0 0 1,1
