d,p,f_coeffs_low_first,partition,count,frequency,S_2d_probability,squarefree_total
2,47,0 0 1,4,25944,0.25531915,0.25,101614
2,47,0 0 1,3+1,34592,0.34042553,0.33333333,101614
2,47,0 0 1,2+2,12420,0.12222725,0.125,101614
2,47,0 0 1,2+1+1,24863,0.24468085,0.25,101614
2,47,0 0 1,1+1+1+1,3795,0.03734722,0.04166667,101614
3,31,0 0 0 1,6,153910,0.17221663,0.16666667,893700
3,31,0 0 0 1,5+1,184704,0.20667338,0.2,893700
3,31,0 0 0 1,4+2,111480,0.12473985,0.125,893700
3,31,0 0 0 1,4+1+1,111480,0.12473985,0.125,893700
3,31,0 0 0 1,3+3,51190,0.05727873,0.05555556,893700
3,31,0 0 0 1,3+2+1,148950,0.16666667,0.16666667,893700
3,31,0 0 0 1,3+1+1+1,46550,0.05208683,0.05555556,893700
3,31,0 0 0 1,2+2+2,17375,0.01944165,0.02083333,893700
3,31,0 0 0 1,2+2+1+1,52140,0.05834173,0.0625,893700
3,31,0 0 0 1,2+1+1+1+1,15135,0.01693521,0.02083333,893700
3,31,0 0 0 1,1+1+1+1+1+1,786,0.00087949,0.00138889,893700
4,19,0 0 0 0 1,8,310410,0.13232507,0.125,2345814
4,19,0 0 0 0 1,7+1,352800,0.15039556,0.14285714,2345814
4,19,0 0 0 0 1,6+2,195669,0.08341198,0.08333333,2345814
4,19,0 0 0 0 1,6+1+1,194553,0.08293624,0.08333333,2345814
4,19,0 0 0 0 1,5+3,163260,0.06959631,0.06666667,2345814
4,19,0 0 0 0 1,5+2+1,235224,0.10027393,0.1,2345814
4,19,0 0 0 0 1,5+1+1+1,70668,0.03012515,0.03333333,2345814
4,19,0 0 0 0 1,4+4,77175,0.03289903,0.03125,2345814
4,19,0 0 0 0 1,4+3+1,205812,0.08773586,0.08333333,2345814
4,19,0 0 0 0 1,4+2+2,68202,0.02907392,0.03125,2345814
4,19,0 0 0 0 1,4+2+1+1,139302,0.05938322,0.0625,2345814
4,19,0 0 0 0 1,4+1+1+1+1,18018,0.00768092,0.01041667,2345814
4,19,0 0 0 0 1,3+3+2,65439,0.02789607,0.02777778,2345814
4,19,0 0 0 0 1,3+3+1+1,65061,0.02773494,0.02777778,2345814
4,19,0 0 0 0 1,3+2+2+1,91404,0.03896473,0.04166667,2345814
4,19,0 0 0 0 1,3+2+1+1+1,54342,0.02316552,0.02777778,2345814
4,19,0 0 0 0 1,3+1+1+1+1+1,4068,0.00173415,0.00277778,2345814
4,19,0 0 0 0 1,2+2+2+2,5067,0.00216002,0.00260417,2345814
4,19,0 0 0 0 1,2+2+2+1+1,20331,0.00866693,0.01041667,2345814
4,19,0 0 0 0 1,2+2+1+1+1+1,8406,0.0035834,0.00520833,2345814
4,19,0 0 0 0 1,2+1+1+1+1+1+1,576,0.00024554,0.00069444,2345814
4,19,0 0 0 0 1,1+1+1+1+1+1+1+1,27,1.151e-05,2.48e-05,2345814
5,13,0 0 0 0 0 1,10,482100,0.10820441,0.1,4455456
5,13,0 0 0 0 0 1,9+1,538292,0.12081637,0.11111111,4455456
5,13,0 0 0 0 0 1,8+2,277128,0.06219969,0.0625,4455456
5,13,0 0 0 0 0 1,8+1+1,278664,0.06254444,0.0625,4455456
5,13,0 0 0 0 0 1,7+3,229716,0.05155836,0.04761905,4455456
5,13,0 0 0 0 0 1,7+2+1,317076,0.07116578,0.07142857,4455456
5,13,0 0 0 0 0 1,7+1+1+1,89304,0.02004374,0.02380952,4455456
5,13,0 0 0 0 0 1,6+4,199632,0.04480619,0.04166667,4455456
5,13,0 0 0 0 0 1,6+3+1,265728,0.05964103,0.05555556,4455456
5,13,0 0 0 0 0 1,6+2+2,85482,0.01918591,0.02083333,4455456
5,13,0 0 0 0 0 1,6+2+1+1,171048,0.03839068,0.04166667,4455456
5,13,0 0 0 0 0 1,6+1+1+1+1,20418,0.0045827,0.00694444,4455456
5,13,0 0 0 0 0 1,5+5,96564,0.0216732,0.02,4455456
5,13,0 0 0 0 0 1,5+4+1,238860,0.05361067,0.05,4455456
5,13,0 0 0 0 0 1,5+3+2,147840,0.03318179,0.03333333,4455456
5,13,0 0 0 0 0 1,5+3+1+1,147336,0.03306867,0.03333333,4455456
5,13,0 0 0 0 0 1,5+2+2+1,101784,0.0228448,0.025,4455456
5,13,0 0 0 0 0 1,5+2+1+1+1,58680,0.01317037,0.01666667,4455456
5,13,0 0 0 0 0 1,5+1+1+1+1+1,3204,0.00071912,0.00166667,4455456
5,13,0 0 0 0 0 1,4+4+2,69678,0.0156388,0.015625,4455456
5,13,0 0 0 0 0 1,4+4+1+1,69522,0.01560379,0.015625,4455456
5,13,0 0 0 0 0 1,4+3+3,65328,0.01466247,0.01388889,4455456
5,13,0 0 0 0 0 1,4+3+2+1,183636,0.04121598,0.04166667,4455456
5,13,0 0 0 0 0 1,4+3+1+1+1,51096,0.01146819,0.01388889,4455456
5,13,0 0 0 0 0 1,4+2+2+2,18486,0.00414907,0.00520833,4455456
5,13,0 0 0 0 0 1,4+2+2+1+1,57888,0.01299261,0.015625,4455456
5,13,0 0 0 0 0 1,4+2+1+1+1+1,13770,0.00309059,0.00520833,4455456
5,13,0 0 0 0 0 1,4+1+1+1+1+1+1,456,0.00010235,0.00034722,4455456
5,13,0 0 0 0 0 1,3+3+3+1,29188,0.00655107,0.00617284,4455456
5,13,0 0 0 0 0 1,3+3+2+2,27630,0.00620139,0.00694444,4455456
5,13,0 0 0 0 0 1,3+3+2+1+1,56592,0.01270173,0.01388889,4455456
5,13,0 0 0 0 0 1,3+3+1+1+1+1,6818,0.00153026,0.00231481,4455456
5,13,0 0 0 0 0 1,3+2+2+2+1,25344,0.00568831,0.00694444,4455456
5,13,0 0 0 0 0 1,3+2+2+1+1+1,21768,0.0048857,0.00694444,4455456
5,13,0 0 0 0 0 1,3+2+1+1+1+1+1,2628,0.00058984,0.00138889,4455456
5,13,0 0 0 0 0 1,3+1+1+1+1+1+1+1,52,1.167e-05,6.614e-05,4455456
5,13,0 0 0 0 0 1,2+2+2+2+2,756,0.00016968,0.00026042,4455456
5,13,0 0 0 0 0 1,2+2+2+2+1+1,3900,0.00087533,0.00130208,4455456
5,13,0 0 0 0 0 1,2+2+2+1+1+1+1,1926,0.00043228,0.00086806,4455456
5,13,0 0 0 0 0 1,2+2+1+1+1+1+1+1,138,3.097e-05,0.00017361,4455456
5,13,0 0 0 0 0 1,2+1+1+1+1+1+1+1+1,0,0.0,1.24e-05,4455456
5,13,0 0 0 0 0 1,1+1+1+1+1+1+1+1+1+1,0,0.0,2.8e-07,4455456
6,13,0 0 0 0 0 0 1,12,5236204,0.09040122,0.08333333,57921828
6,13,0 0 0 0 0 0 1,11+1,5697948,0.09837307,0.09090909,57921828
6,13,0 0 0 0 0 0 1,10+2,2893962,0.04996324,0.05,57921828
6,13,0 0 0 0 0 0 1,10+1+1,2900886,0.05008278,0.05,57921828
6,13,0 0 0 0 0 0 1,9+3,2306792,0.03982595,0.03703704,57921828
6,13,0 0 0 0 0 0 1,9+2+1,3219516,0.05558381,0.05555556,57921828
6,13,0 0 0 0 0 0 1,9+1+1+1,906304,0.01564702,0.01851852,57921828
6,13,0 0 0 0 0 0 1,8+4,1948410,0.03363861,0.03125,57921828
6,13,0 0 0 0 0 0 1,8+3+1,2599872,0.04488588,0.04166667,57921828
6,13,0 0 0 0 0 0 1,8+2+2,825645,0.01425447,0.015625,57921828
6,13,0 0 0 0 0 0 1,8+2+1+1,1662528,0.02870296,0.03125,57921828
6,13,0 0 0 0 0 0 1,8+1+1+1+1,199521,0.00344466,0.00520833,57921828
6,13,0 0 0 0 0 0 1,7+5,1789272,0.03089115,0.02857143,57921828
6,13,0 0 0 0 0 0 1,7+4+1,2227320,0.0384539,0.03571429,57921828
6,13,0 0 0 0 0 0 1,7+3+2,1374384,0.02372826,0.02380952,57921828
6,13,0 0 0 0 0 0 1,7+3+1+1,1374360,0.02372784,0.02380952,57921828
6,13,0 0 0 0 0 0 1,7+2+2+1,941172,0.016249,0.01785714,57921828
6,13,0 0 0 0 0 0 1,7+2+1+1+1,541884,0.00935544,0.01190476,57921828
6,13,0 0 0 0 0 0 1,7+1+1+1+1+1,29400,0.00050758,0.00119048,57921828
6,13,0 0 0 0 0 0 1,6+6,869326,0.01500861,0.01388889,57921828
6,13,0 0 0 0 0 0 1,6+5+1,2092188,0.03612089,0.03333333,57921828
6,13,0 0 0 0 0 0 1,6+4+2,1198110,0.02068495,0.02083333,57921828
6,13,0 0 0 0 0 0 1,6+4+1+1,1195242,0.02063543,0.02083333,57921828
6,13,0 0 0 0 0 0 1,6+3+3,573712,0.00990494,0.00925926,57921828
6,13,0 0 0 0 0 0 1,6+3+2+1,1601664,0.02765217,0.02777778,57921828
6,13,0 0 0 0 0 0 1,6+3+1+1+1,449164,0.00775466,0.00925926,57921828
6,13,0 0 0 0 0 0 1,6+2+2+2,164598,0.00284173,0.00347222,57921828
6,13,0 0 0 0 0 0 1,6+2+2+1+1,510396,0.00881181,0.01041667,57921828
6,13,0 0 0 0 0 0 1,6+2+1+1+1+1,121656,0.00210035,0.00347222,57921828
6,13,0 0 0 0 0 0 1,6+1+1+1+1+1+1,3982,6.875e-05,0.00023148,57921828
6,13,0 0 0 0 0 0 1,5+5+2,579678,0.01000794,0.01,57921828
6,13,0 0 0 0 0 0 1,5+5+1+1,582438,0.01005559,0.01,57921828
6,13,0 0 0 0 0 0 1,5+4+3,1034520,0.01786062,0.01666667,57921828
6,13,0 0 0 0 0 0 1,5+4+2+1,1443552,0.02492242,0.025,57921828
6,13,0 0 0 0 0 0 1,5+4+1+1+1,402636,0.00695137,0.00833333,57921828
6,13,0 0 0 0 0 0 1,5+3+3+1,687612,0.01187138,0.01111111,57921828
6,13,0 0 0 0 0 0 1,5+3+2+2,434784,0.00750639,0.00833333,57921828
6,13,0 0 0 0 0 0 1,5+3+2+1+1,880968,0.0152096,0.01666667,57921828
6,13,0 0 0 0 0 0 1,5+3+1+1+1+1,104400,0.00180243,0.00277778,57921828
6,13,0 0 0 0 0 0 1,5+2+2+2+1,199092,0.00343725,0.00416667,57921828
6,13,0 0 0 0 0 0 1,5+2+2+1+1+1,169980,0.00293464,0.00416667,57921828
6,13,0 0 0 0 0 0 1,5+2+1+1+1+1+1,19140,0.00033045,0.00083333,57921828
6,13,0 0 0 0 0 0 1,5+1+1+1+1+1+1+1,348,6.01e-06,3.968e-05,57921828
6,13,0 0 0 0 0 0 1,4+4+4,161120,0.00278168,0.00260417,57921828
6,13,0 0 0 0 0 0 1,4+4+3+1,641112,0.01106857,0.01041667,57921828
6,13,0 0 0 0 0 0 1,4+4+2+2,203745,0.00351759,0.00390625,57921828
6,13,0 0 0 0 0 0 1,4+4+2+1+1,413700,0.00714239,0.0078125,57921828
6,13,0 0 0 0 0 0 1,4+4+1+1+1+1,49593,0.00085621,0.00130208,57921828
6,13,0 0 0 0 0 0 1,4+3+3+2,393114,0.00678698,0.00694444,57921828
6,13,0 0 0 0 0 0 1,4+3+3+1+1,397098,0.00685576,0.00694444,57921828
6,13,0 0 0 0 0 0 1,4+3+2+2+1,542796,0.00937118,0.01041667,57921828
6,13,0 0 0 0 0 0 1,4+3+2+1+1+1,310044,0.0053528,0.00694444,57921828
6,13,0 0 0 0 0 0 1,4+3+1+1+1+1+1,17532,0.00030268,0.00069444,57921828
6,13,0 0 0 0 0 0 1,4+2+2+2+2,27180,0.00046925,0.00065104,57921828
6,13,0 0 0 0 0 0 1,4+2+2+2+1+1,112920,0.00194952,0.00260417,57921828
6,13,0 0 0 0 0 0 1,4+2+2+1+1+1+1,40902,0.00070616,0.00130208,57921828
6,13,0 0 0 0 0 0 1,4+2+1+1+1+1+1+1,2880,4.972e-05,0.00017361,57921828
6,13,0 0 0 0 0 0 1,4+1+1+1+1+1+1+1+1,0,0.0,6.2e-06,57921828
6,13,0 0 0 0 0 0 1,3+3+3+3,31646,0.00054636,0.0005144,57921828
6,13,0 0 0 0 0 0 1,3+3+3+2+1,173556,0.00299638,0.00308642,57921828
6,13,0 0 0 0 0 0 1,3+3+3+1+1+1,47888,0.00082677,0.00102881,57921828
6,13,0 0 0 0 0 0 1,3+3+2+2+2,55334,0.00095532,0.00115741,57921828
6,13,0 0 0 0 0 0 1,3+3+2+2+1+1,168552,0.00290999,0.00347222,57921828
6,13,0 0 0 0 0 0 1,3+3+2+1+1+1+1,41100,0.00070958,0.00115741,57921828
6,13,0 0 0 0 0 0 1,3+3+1+1+1+1+1+1,1450,2.503e-05,7.716e-05,57921828
6,13,0 0 0 0 0 0 1,3+2+2+2+2+1,35136,0.00060661,0.00086806,57921828
6,13,0 0 0 0 0 0 1,3+2+2+2+1+1+1,43088,0.0007439,0.00115741,57921828
6,13,0 0 0 0 0 0 1,3+2+2+1+1+1+1+1,7212,0.00012451,0.00034722,57921828
6,13,0 0 0 0 0 0 1,3+2+1+1+1+1+1+1+1,168,2.9e-06,3.307e-05,57921828
6,13,0 0 0 0 0 0 1,3+1+1+1+1+1+1+1+1+1,0,0.0,9.2e-07,57921828
6,13,0 0 0 0 0 0 1,2+2+2+2+2+2,782,1.35e-05,2.17e-05,57921828
6,13,0 0 0 0 0 0 1,2+2+2+2+2+1+1,4428,7.645e-05,0.00013021,57921828
6,13,0 0 0 0 0 0 1,2+2+2+2+1+1+1+1,2649,4.573e-05,0.00010851,57921828
6,13,0 0 0 0 0 0 1,2+2+2+1+1+1+1+1+1,536,9.25e-06,2.894e-05,57921828
6,13,0 0 0 0 0 0 1,2+2+1+1+1+1+1+1+1+1,0,0.0,3.1e-06,57921828
6,13,0 0 0 0 0 0 1,2+1+1+1+1+1+1+1+1+1+1,0,0.0,1.4e-07,57921828
6,13,0 0 0 0 0 0 1,1+1+1+1+1+1+1+1+1+1+1+1,1,2e-08,0.0,57921828
