d,p,f_coeffs_low_first,p_gt_2d,size_I_f,N_irr,main_term,ratio_2dN_over_q^(d+1),err_over_q^d,err_over_q^(d+1/2),nonsquarefree,closed_form,closed_form_match
1,3,0 1,1,9,3,4.5,0.66666667,-1.0,-0.57735,3,3,1
1,3,1 1,1,9,3,4.5,0.66666667,-1.0,-0.57735,3,3,1
1,3,0 1,1,9,3,4.5,0.66666667,-1.0,-0.57735,3,3,1
1,5,0 1,1,25,10,12.5,0.8,-1.0,-0.447214,5,10,1
1,5,1 1,1,25,10,12.5,0.8,-1.0,-0.447214,5,10,1
1,5,1 1,1,25,10,12.5,0.8,-1.0,-0.447214,5,10,1
1,7,0 1,1,49,21,24.5,0.85714286,-1.0,-0.377964,7,21,1
1,7,1 1,1,49,21,24.5,0.85714286,-1.0,-0.377964,7,21,1
1,7,4 1,1,49,21,24.5,0.85714286,-1.0,-0.377964,7,21,1
1,11,0 1,1,121,55,60.5,0.90909091,-1.0,-0.301511,11,55,1
1,11,1 1,1,121,55,60.5,0.90909091,-1.0,-0.301511,11,55,1
1,11,5 1,1,121,55,60.5,0.90909091,-1.0,-0.301511,11,55,1
1,13,0 1,1,169,78,84.5,0.92307692,-1.0,-0.27735,13,78,1
1,13,1 1,1,169,78,84.5,0.92307692,-1.0,-0.27735,13,78,1
1,13,12 1,1,169,78,84.5,0.92307692,-1.0,-0.27735,13,78,1
1,17,0 1,1,289,136,144.5,0.94117647,-1.0,-0.242536,17,136,1
1,17,1 1,1,289,136,144.5,0.94117647,-1.0,-0.242536,17,136,1
1,17,8 1,1,289,136,144.5,0.94117647,-1.0,-0.242536,17,136,1
1,19,0 1,1,361,171,180.5,0.94736842,-1.0,-0.229416,19,171,1
1,19,1 1,1,361,171,180.5,0.94736842,-1.0,-0.229416,19,171,1
1,19,6 1,1,361,171,180.5,0.94736842,-1.0,-0.229416,19,171,1
1,23,0 1,1,529,253,264.5,0.95652174,-1.0,-0.208514,23,253,1
1,23,1 1,1,529,253,264.5,0.95652174,-1.0,-0.208514,23,253,1
1,23,11 1,1,529,253,264.5,0.95652174,-1.0,-0.208514,23,253,1
1,29,0 1,1,841,406,420.5,0.96551724,-1.0,-0.185695,29,406,1
1,29,1 1,1,841,406,420.5,0.96551724,-1.0,-0.185695,29,406,1
1,29,2 1,1,841,406,420.5,0.96551724,-1.0,-0.185695,29,406,1
1,31,0 1,1,961,465,480.5,0.96774194,-1.0,-0.179605,31,465,1
1,31,1 1,1,961,465,480.5,0.96774194,-1.0,-0.179605,31,465,1
1,31,17 1,1,961,465,480.5,0.96774194,-1.0,-0.179605,31,465,1
1,37,0 1,1,1369,666,684.5,0.97297297,-1.0,-0.164399,37,666,1
1,37,1 1,1,1369,666,684.5,0.97297297,-1.0,-0.164399,37,666,1
1,37,19 1,1,1369,666,684.5,0.97297297,-1.0,-0.164399,37,666,1
1,41,0 1,1,1681,820,840.5,0.97560976,-1.0,-0.156174,41,820,1
1,41,1 1,1,1681,820,840.5,0.97560976,-1.0,-0.156174,41,820,1
1,41,27 1,1,1681,820,840.5,0.97560976,-1.0,-0.156174,41,820,1
1,43,0 1,1,1849,903,924.5,0.97674419,-1.0,-0.152499,43,903,1
1,43,1 1,1,1849,903,924.5,0.97674419,-1.0,-0.152499,43,903,1
1,43,34 1,1,1849,903,924.5,0.97674419,-1.0,-0.152499,43,903,1
1,47,0 1,1,2209,1081,1104.5,0.9787234,-1.0,-0.145865,47,1081,1
1,47,1 1,1,2209,1081,1104.5,0.9787234,-1.0,-0.145865,47,1081,1
1,47,30 1,1,2209,1081,1104.5,0.9787234,-1.0,-0.145865,47,1081,1
1,53,0 1,1,2809,1378,1404.5,0.98113208,-1.0,-0.137361,53,1378,1
1,53,1 1,1,2809,1378,1404.5,0.98113208,-1.0,-0.137361,53,1378,1
1,53,14 1,1,2809,1378,1404.5,0.98113208,-1.0,-0.137361,53,1378,1
1,59,0 1,1,3481,1711,1740.5,0.98305085,-1.0,-0.130189,59,1711,1
1,59,1 1,1,3481,1711,1740.5,0.98305085,-1.0,-0.130189,59,1711,1
1,59,28 1,1,3481,1711,1740.5,0.98305085,-1.0,-0.130189,59,1711,1
1,61,0 1,1,3721,1830,1860.5,0.98360656,-1.0,-0.128037,61,1830,1
1,61,1 1,1,3721,1830,1860.5,0.98360656,-1.0,-0.128037,61,1830,1
1,61,35 1,1,3721,1830,1860.5,0.98360656,-1.0,-0.128037,61,1830,1
1,67,0 1,1,4489,2211,2244.5,0.98507463,-1.0,-0.122169,67,2211,1
1,67,1 1,1,4489,2211,2244.5,0.98507463,-1.0,-0.122169,67,2211,1
1,67,2 1,1,4489,2211,2244.5,0.98507463,-1.0,-0.122169,67,2211,1
1,71,0 1,1,5041,2485,2520.5,0.98591549,-1.0,-0.118678,71,2485,1
1,71,1 1,1,5041,2485,2520.5,0.98591549,-1.0,-0.118678,71,2485,1
1,71,17 1,1,5041,2485,2520.5,0.98591549,-1.0,-0.118678,71,2485,1
1,73,0 1,1,5329,2628,2664.5,0.98630137,-1.0,-0.117041,73,2628,1
1,73,1 1,1,5329,2628,2664.5,0.98630137,-1.0,-0.117041,73,2628,1
1,73,63 1,1,5329,2628,2664.5,0.98630137,-1.0,-0.117041,73,2628,1
1,79,0 1,1,6241,3081,3120.5,0.98734177,-1.0,-0.112509,79,3081,1
1,79,1 1,1,6241,3081,3120.5,0.98734177,-1.0,-0.112509,79,3081,1
1,79,39 1,1,6241,3081,3120.5,0.98734177,-1.0,-0.112509,79,3081,1
1,83,0 1,1,6889,3403,3444.5,0.98795181,-1.0,-0.109764,83,3403,1
1,83,1 1,1,6889,3403,3444.5,0.98795181,-1.0,-0.109764,83,3403,1
1,83,7 1,1,6889,3403,3444.5,0.98795181,-1.0,-0.109764,83,3403,1
1,89,0 1,1,7921,3916,3960.5,0.98876404,-1.0,-0.106,89,3916,1
1,89,1 1,1,7921,3916,3960.5,0.98876404,-1.0,-0.106,89,3916,1
1,89,73 1,1,7921,3916,3960.5,0.98876404,-1.0,-0.106,89,3916,1
1,97,0 1,1,9409,4656,4704.5,0.98969072,-1.0,-0.101535,97,4656,1
1,97,1 1,1,9409,4656,4704.5,0.98969072,-1.0,-0.101535,97,4656,1
1,97,93 1,1,9409,4656,4704.5,0.98969072,-1.0,-0.101535,97,4656,1
2,3,0 0 1,0,27,6,6.75,0.88888889,-0.333333,-0.19245,9,6,1
2,3,1 0 1,0,27,6,6.75,0.88888889,-0.333333,-0.19245,9,6,1
2,3,1 0 1,0,27,6,6.75,0.88888889,-0.333333,-0.19245,9,6,1
2,5,0 0 1,1,125,30,31.25,0.96,-0.2,-0.089443,25,30,1
2,5,1 0 1,1,125,30,31.25,0.96,-0.2,-0.089443,25,30,1
2,5,1 3 1,1,125,30,31.25,0.96,-0.2,-0.089443,25,30,1
2,7,0 0 1,1,343,84,85.75,0.97959184,-0.142857,-0.053995,49,84,1
2,7,1 0 1,1,343,84,85.75,0.97959184,-0.142857,-0.053995,49,84,1
2,7,5 1 1,1,343,84,85.75,0.97959184,-0.142857,-0.053995,49,84,1
2,11,0 0 1,1,1331,330,332.75,0.99173554,-0.090909,-0.02741,121,330,1
2,11,1 0 1,1,1331,330,332.75,0.99173554,-0.090909,-0.02741,121,330,1
2,11,2 4 1,1,1331,330,332.75,0.99173554,-0.090909,-0.02741,121,330,1
2,13,0 0 1,1,2197,546,549.25,0.99408284,-0.076923,-0.021335,169,546,1
2,13,1 0 1,1,2197,546,549.25,0.99408284,-0.076923,-0.021335,169,546,1
2,13,11 3 1,1,2197,546,549.25,0.99408284,-0.076923,-0.021335,169,546,1
2,17,0 0 1,1,4913,1224,1228.25,0.99653979,-0.058824,-0.014267,289,1224,1
2,17,1 0 1,1,4913,1224,1228.25,0.99653979,-0.058824,-0.014267,289,1224,1
2,17,1 4 1,1,4913,1224,1228.25,0.99653979,-0.058824,-0.014267,289,1224,1
2,19,0 0 1,1,6859,1710,1714.75,0.99722992,-0.052632,-0.012075,361,1710,1
2,19,1 0 1,1,6859,1710,1714.75,0.99722992,-0.052632,-0.012075,361,1710,1
2,19,7 5 1,1,6859,1710,1714.75,0.99722992,-0.052632,-0.012075,361,1710,1
2,23,0 0 1,1,12167,3036,3041.75,0.99810964,-0.043478,-0.009066,529,3036,1
2,23,1 0 1,1,12167,3036,3041.75,0.99810964,-0.043478,-0.009066,529,3036,1
2,23,7 8 1,1,12167,3036,3041.75,0.99810964,-0.043478,-0.009066,529,3036,1
2,29,0 0 1,1,24389,6090,6097.25,0.99881094,-0.034483,-0.006403,841,6090,1
2,29,1 0 1,1,24389,6090,6097.25,0.99881094,-0.034483,-0.006403,841,6090,1
2,29,7 8 1,1,24389,6090,6097.25,0.99881094,-0.034483,-0.006403,841,6090,1
2,31,0 0 1,1,29791,7440,7447.75,0.99895942,-0.032258,-0.005794,961,7440,1
2,31,1 0 1,1,29791,7440,7447.75,0.99895942,-0.032258,-0.005794,961,7440,1
2,31,3 15 1,1,29791,7440,7447.75,0.99895942,-0.032258,-0.005794,961,7440,1
2,37,0 0 1,1,50653,12654,12663.25,0.99926954,-0.027027,-0.004443,1369,12654,1
2,37,1 0 1,1,50653,12654,12663.25,0.99926954,-0.027027,-0.004443,1369,12654,1
2,37,2 27 1,1,50653,12654,12663.25,0.99926954,-0.027027,-0.004443,1369,12654,1
2,41,0 0 1,1,68921,17220,17230.25,0.99940512,-0.02439,-0.003809,1681,17220,1
2,41,1 0 1,1,68921,17220,17230.25,0.99940512,-0.02439,-0.003809,1681,17220,1
2,41,10 26 1,1,68921,17220,17230.25,0.99940512,-0.02439,-0.003809,1681,17220,1
2,43,0 0 1,1,79507,19866,19876.75,0.99945917,-0.023256,-0.003546,1849,19866,1
2,43,1 0 1,1,79507,19866,19876.75,0.99945917,-0.023256,-0.003546,1849,19866,1
2,43,40 19 1,1,79507,19866,19876.75,0.99945917,-0.023256,-0.003546,1849,19866,1
2,47,0 0 1,1,103823,25944,25955.75,0.99954731,-0.021277,-0.003104,2209,25944,1
2,47,1 0 1,1,103823,25944,25955.75,0.99954731,-0.021277,-0.003104,2209,25944,1
2,47,12 6 1,1,103823,25944,25955.75,0.99954731,-0.021277,-0.003104,2209,25944,1
3,3,0 0 0 1,0,81,15,13.5,1.11111111,0.333333,0.19245,27,,
3,3,1 0 0 1,0,81,15,13.5,1.11111111,0.333333,0.19245,27,,
3,3,0 1 0 1,0,81,12,13.5,0.88888889,-0.333333,-0.19245,24,,
3,5,0 0 0 1,0,625,104,104.1667,0.9984,-0.008,-0.003578,121,104,1
3,5,1 0 0 1,0,625,104,104.1667,0.9984,-0.008,-0.003578,121,104,1
3,5,2 1 3 1,0,625,107,104.1667,1.0272,0.136,0.060821,126,107,1
3,7,0 0 0 1,1,2401,398,400.1667,0.99458559,-0.037901,-0.014325,349,398,1
3,7,1 0 0 1,1,2401,398,400.1667,0.99458559,-0.037901,-0.014325,349,398,1
3,7,6 4 5 1,1,2401,407,400.1667,1.01707622,0.119534,0.045179,342,407,1
3,11,0 0 0 1,1,14641,2440,2440.1667,0.9999317,-0.000751,-0.000227,1321,2440,1
3,11,1 0 0 1,1,14641,2440,2440.1667,0.9999317,-0.000751,-0.000227,1321,2440,1
3,11,9 1 0 1,1,14641,2418,2440.1667,0.99091592,-0.099925,-0.030128,1332,2418,1
3,13,0 0 0 1,1,28561,4756,4760.1667,0.99912468,-0.011379,-0.003156,2209,4756,1
3,13,1 0 0 1,1,28561,4756,4760.1667,0.99912468,-0.011379,-0.003156,2209,4756,1
3,13,0 9 3 1,1,28561,4730,4760.1667,0.99366269,-0.082385,-0.02285,2196,4730,1
3,17,0 0 0 1,1,83521,13920,13920.1667,0.99998803,-0.000204,-4.9e-05,4897,13920,1
3,17,1 0 0 1,1,83521,13920,13920.1667,0.99998803,-0.000204,-4.9e-05,4897,13920,1
3,17,14 8 4 1,1,83521,13869,13920.1667,0.99632428,-0.062487,-0.015155,4914,13869,1
3,19,0 0 0 1,1,130321,21714,21720.1667,0.99971609,-0.005394,-0.001238,6877,21714,1
3,19,1 0 0 1,1,130321,21714,21720.1667,0.99971609,-0.005394,-0.001238,6877,21714,1
3,19,3 6 11 1,1,130321,21657,21720.1667,0.9970918,-0.055256,-0.012677,6858,21657,1
3,23,0 0 0 1,1,279841,46640,46640.1667,0.99999643,-8.2e-05,-1.7e-05,12145,46640,1
3,23,1 0 0 1,1,279841,46640,46640.1667,0.99999643,-8.2e-05,-1.7e-05,12145,46640,1
3,23,1 10 6 1,1,279841,46548,46640.1667,0.99802388,-0.045451,-0.009477,12168,46548,1
3,29,0 0 0 1,1,707281,117880,117880.1667,0.99999859,-4.1e-05,-8e-06,24361,117880,1
3,29,1 0 0 1,1,707281,117880,117880.1667,0.99999859,-4.1e-05,-8e-06,24361,117880,1
3,29,25 8 7 1,1,707281,118015,117880.1667,1.00114382,0.033171,0.00616,24390,118015,1
3,31,0 0 0 1,1,923521,153910,153920.1667,0.99993395,-0.002048,-0.000368,29821,153910,1
3,31,1 0 0 1,1,923521,153910,153920.1667,0.99993395,-0.002048,-0.000368,29821,153910,1
3,31,24 19 7 1,1,923521,154075,153920.1667,1.00100593,0.031184,0.005601,29790,154075,1
4,3,0 0 0 0 1,0,243,28,30.375,0.9218107,-0.234568,-0.135428,79,,
4,3,1 0 0 0 1,0,243,28,30.375,0.9218107,-0.234568,-0.135428,79,,
4,3,1 0 1 2 1,0,243,37,30.375,1.218107,0.654321,0.377772,86,,
4,5,0 0 0 0 1,0,3125,402,390.625,1.02912,0.1456,0.065114,621,,
4,5,1 0 0 0 1,0,3125,402,390.625,1.02912,0.1456,0.065114,621,,
4,5,3 3 3 1 1,0,3125,375,390.625,0.96,-0.2,-0.089443,618,,
4,7,0 0 0 0 1,0,16807,2064,2100.875,0.98244779,-0.122865,-0.046439,2395,,
4,7,1 0 0 0 1,0,16807,2064,2100.875,0.98244779,-0.122865,-0.046439,2395,,
4,7,0 1 6 3 1,0,16807,2130,2100.875,1.01386327,0.097043,0.036679,2407,,
4,11,0 0 0 0 1,1,161051,20420,20131.375,1.01433707,0.157708,0.047551,14611,,
4,11,1 0 0 0 1,1,161051,20420,20131.375,1.01433707,0.157708,0.047551,14611,,
4,11,5 7 5 0 1,1,161051,20155,20131.375,1.00117354,0.012909,0.003892,14658,,
4,13,0 0 0 0 1,1,371293,46818,46411.625,1.00875589,0.113827,0.03157,28573,,
4,13,1 0 0 0 1,1,371293,46818,46411.625,1.00875589,0.113827,0.03157,28573,,
4,13,5 9 12 12 1,1,371293,46551,46411.625,1.00300302,0.039039,0.010828,28565,,
4,17,0 0 0 0 1,1,1419857,176424,177482.125,0.99403813,-0.101352,-0.024581,83569,,
4,17,1 0 0 0 1,1,1419857,176424,177482.125,0.99403813,-0.101352,-0.024581,83569,,
4,17,4 2 15 5 1,1,1419857,177375,177482.125,0.99939642,-0.010261,-0.002489,83524,,
4,19,0 0 0 0 1,1,2476099,310410,309512.375,1.00290013,0.055102,0.012641,130285,,
4,19,1 0 0 0 1,1,2476099,310410,309512.375,1.00290013,0.055102,0.012641,130285,,
4,19,12 6 11 18 1,1,2476099,309669,309512.375,1.00050604,0.009615,0.002206,130322,,
5,3,0 0 0 0 0 1,0,729,68,72.9,0.93278464,-0.201646,-0.11642,243,,
5,3,1 0 0 0 0 1,0,729,68,72.9,0.93278464,-0.201646,-0.11642,243,,
5,3,0 1 1 0 2 1,0,729,69,72.9,0.94650206,-0.160494,-0.092661,244,,
5,7,0 0 0 0 0 1,0,117649,11706,11764.9,0.99499358,-0.035045,-0.013246,16807,,
5,7,1 0 0 0 0 1,0,117649,11706,11764.9,0.99499358,-0.035045,-0.013246,16807,,
5,7,4 1 2 3 3 1,0,117649,11717,11764.9,0.99592857,-0.0285,-0.010772,16806,,
5,11,0 0 0 0 0 1,1,1771561,175854,177156.1,0.99264998,-0.08085,-0.024377,161041,,
5,11,1 0 0 0 0 1,1,1771561,175854,177156.1,0.99264998,-0.08085,-0.024377,161041,,
5,11,2 1 8 4 8 1,1,1771561,176995,177156.1,0.99909063,-0.010003,-0.003016,161044,,
5,13,0 0 0 0 0 1,1,4826809,482100,482680.9,0.99879651,-0.015645,-0.004339,371353,,
5,13,1 0 0 0 0 1,1,4826809,482100,482680.9,0.99879651,-0.015645,-0.004339,371353,,
5,13,12 9 4 7 1 1,1,4826809,482642,482680.9,0.99991941,-0.001048,-0.000291,371299,,
6,5,0 0 0 0 0 0 1,0,78125,6548,6510.4167,1.0057728,0.028864,0.012908,15625,,
6,5,1 0 0 0 0 0 1,0,78125,6548,6510.4167,1.0057728,0.028864,0.012908,15625,,
6,5,4 4 1 4 0 3 1,0,78125,6501,6510.4167,0.9985536,-0.007232,-0.003234,15615,,
6,7,0 0 0 0 0 0 1,0,823543,68918,68628.5833,1.00421714,0.02952,0.011158,117703,,
6,7,1 0 0 0 0 0 1,0,823543,68918,68628.5833,1.00421714,0.02952,0.011158,117703,,
6,7,5 5 5 0 5 6 1,0,823543,68376,68628.5833,0.99631956,-0.025763,-0.009738,117655,,
6,13,0 0 0 0 0 0 1,1,62748517,5236204,5229043.0833,1.00136945,0.017803,0.004938,4826689,,
6,13,1 0 0 0 0 0 1,1,62748517,5236204,5229043.0833,1.00136945,0.017803,0.004938,4826689,,
6,13,12 0 5 9 5 7 1,1,62748517,5228155,5229043.0833,0.99983016,-0.002208,-0.000612,4826818,,
