q,d,f_coeffs_low_first,orbit_size,N_irr,E,Lambda_sum
3,8,0 0 0 0 0 0 0 0 1,3,1260,1,20161
3,8,0 0 0 0 0 0 1 0 1,3,1229,8,19672
3,8,0 0 0 0 0 0 2 0 1,3,1211,8,19384
3,8,0 0 0 0 0 2 0 0 1,6,1220,8,19528
3,8,0 0 0 0 0 2 1 0 1,6,1199,8,19192
3,8,0 0 0 0 0 2 2 0 1,6,1255,0,20080
3,8,0 0 0 0 1 0 0 0 1,3,1253,8,20056
3,8,0 0 0 0 1 0 1 0 1,3,1183,0,18928
3,8,0 0 0 0 1 0 2 0 1,3,1207,0,19312
3,8,0 0 0 0 1 2 0 0 1,6,1208,8,19336
3,8,0 0 0 0 1 2 1 0 1,6,1243,0,19888
3,8,0 0 0 0 1 2 2 0 1,6,1249,0,19984
3,8,0 0 0 0 2 0 0 0 1,3,1223,8,19576
3,8,0 0 0 0 2 0 1 0 1,3,1186,0,18976
3,8,0 0 0 0 2 0 2 0 1,3,1210,0,19360
3,8,0 0 0 0 2 2 0 0 1,6,1252,0,20032
3,8,0 0 0 0 2 2 1 0 1,6,1240,0,19840
3,8,0 0 0 0 2 2 2 0 1,6,1220,8,19528
3,8,0 0 0 1 0 2 0 0 1,6,1249,0,19984
3,8,0 0 0 1 0 2 1 0 1,6,1198,0,19168
3,8,0 0 0 1 0 2 2 0 1,6,1256,8,20104
3,8,0 0 0 1 1 2 0 0 1,6,1258,0,20128
3,8,0 0 0 1 1 2 1 0 1,6,1226,8,19624
3,8,0 0 0 1 1 2 2 0 1,6,1238,8,19816
3,8,0 0 0 1 2 2 0 0 1,6,1190,8,19048
3,8,0 0 0 1 2 2 1 0 1,6,1262,8,20200
3,8,0 0 0 1 2 2 2 0 1,6,1259,8,20152
3,8,0 0 0 2 0 0 0 0 1,6,1214,8,19432
3,8,0 0 0 2 0 0 1 0 1,6,1240,0,19840
3,8,0 0 0 2 0 0 2 0 1,6,1228,0,19648
3,8,0 0 0 2 0 2 0 0 1,6,1180,0,18880
3,8,0 0 0 2 0 2 1 0 1,6,1213,0,19408
3,8,0 0 0 2 0 2 2 0 1,6,1225,0,19600
3,8,0 0 0 2 1 0 0 0 1,6,1184,8,18952
3,8,0 0 0 2 1 0 1 0 1,6,1207,0,19312
3,8,0 0 0 2 1 0 2 0 1,6,1220,8,19528
3,8,0 0 0 2 1 2 0 0 1,6,1231,0,19696
3,8,0 0 0 2 1 2 1 0 1,6,1225,0,19600
3,8,0 0 0 2 1 2 2 0 1,6,1196,8,19144
3,8,0 0 0 2 2 0 0 0 1,6,1225,0,19600
3,8,0 0 0 2 2 0 1 0 1,6,1247,8,19960
3,8,0 0 0 2 2 0 2 0 1,6,1217,8,19480
3,8,0 0 0 2 2 2 0 0 1,6,1228,0,19648
3,8,0 0 0 2 2 2 1 0 1,6,1231,0,19696
3,8,0 0 0 2 2 2 2 0 1,6,1201,0,19216
3,8,0 0 1 0 0 0 0 0 1,3,1268,8,20296
3,8,0 0 1 0 0 0 1 0 1,3,1247,2,19954
3,8,0 0 1 0 0 0 2 0 1,3,1225,0,19600
3,8,0 0 1 0 0 2 0 0 1,6,1219,0,19504
3,8,0 0 1 0 0 2 1 0 1,6,1234,0,19744
3,8,0 0 1 0 0 2 2 0 1,6,1208,8,19336
3,8,0 0 1 0 1 0 0 0 1,3,1225,0,19600
3,8,0 0 1 0 1 0 1 0 1,3,1207,0,19312
3,8,0 0 1 0 1 0 2 0 1,3,1187,8,19000
3,8,0 0 1 0 1 2 0 0 1,6,1225,0,19600
3,8,0 0 1 0 1 2 1 0 1,6,1261,0,20176
3,8,0 0 1 0 1 2 2 0 1,6,1240,0,19840
3,8,0 0 1 0 2 0 0 0 1,3,1246,0,19936
3,8,0 0 1 0 2 0 1 0 1,3,1234,0,19744
3,8,0 0 1 0 2 0 2 0 1,3,1219,12,19516
3,8,0 0 1 0 2 2 0 0 1,6,1262,8,20200
3,8,0 0 1 0 2 2 1 0 1,6,1237,0,19792
3,8,0 0 1 0 2 2 2 0 1,6,1255,0,20080
3,8,0 0 1 1 0 2 0 0 1,6,1250,8,20008
3,8,0 0 1 1 0 2 1 0 1,6,1271,8,20344
3,8,0 0 1 1 0 2 2 0 1,6,1240,0,19840
3,8,0 0 1 1 1 2 0 0 1,6,1251,16,20032
3,8,0 0 1 1 1 2 1 0 1,6,1216,0,19456
3,8,0 0 1 1 1 2 2 0 1,6,1225,0,19600
3,8,0 0 1 1 2 2 0 0 1,6,1253,8,20056
3,8,0 0 1 1 2 2 1 0 1,6,1216,0,19456
3,8,0 0 1 1 2 2 2 0 1,6,1223,8,19576
3,8,0 0 1 2 0 0 0 0 1,6,1244,8,19912
3,8,0 0 1 2 0 0 1 0 1,6,1183,0,18928
3,8,0 0 1 2 0 0 2 0 1,6,1232,8,19720
3,8,0 0 1 2 0 2 0 0 1,6,1207,0,19312
3,8,0 0 1 2 0 2 1 0 1,6,1249,0,19984
3,8,0 0 1 2 0 2 2 0 1,6,1210,0,19360
3,8,0 0 1 2 1 0 0 0 1,6,1273,0,20368
3,8,0 0 1 2 1 0 1 0 1,6,1243,0,19888
3,8,0 0 1 2 1 0 2 0 1,6,1261,0,20176
3,8,0 0 1 2 1 2 0 0 1,6,1237,0,19792
3,8,0 0 1 2 1 2 1 0 1,6,1214,8,19432
3,8,0 0 1 2 1 2 2 0 1,6,1249,0,19984
3,8,0 0 1 2 2 0 0 0 1,6,1198,0,19168
3,8,0 0 1 2 2 0 1 0 1,6,1243,0,19888
3,8,0 0 1 2 2 0 2 0 1,6,1198,0,19168
3,8,0 0 1 2 2 2 0 0 1,6,1232,8,19720
3,8,0 0 1 2 2 2 1 0 1,6,1214,8,19432
3,8,0 0 1 2 2 2 2 0 1,6,1246,0,19936
3,8,0 0 2 0 0 0 0 0 1,3,1238,8,19816
3,8,0 0 2 0 0 0 1 0 1,3,1201,0,19216
3,8,0 0 2 0 0 0 2 0 1,3,1213,0,19408
3,8,0 0 2 0 0 2 0 0 1,6,1228,0,19648
3,8,0 0 2 0 0 2 1 0 1,6,1234,0,19744
3,8,0 0 2 0 0 2 2 0 1,6,1235,8,19768
3,8,0 0 2 0 1 0 0 0 1,3,1207,0,19312
3,8,0 0 2 0 1 0 1 0 1,3,1259,8,20152
3,8,0 0 2 0 1 0 2 0 1,3,1219,0,19504
3,8,0 0 2 0 1 2 0 0 1,6,1229,8,19672
3,8,0 0 2 0 1 2 1 0 1,6,1222,0,19552
3,8,0 0 2 0 1 2 2 0 1,6,1210,0,19360
3,8,0 0 2 0 2 0 0 0 1,3,1234,0,19744
3,8,0 0 2 0 2 0 1 0 1,3,1195,12,19132
3,8,0 0 2 0 2 0 2 0 1,3,1204,0,19264
3,8,0 0 2 0 2 2 0 0 1,6,1211,8,19384
3,8,0 0 2 0 2 2 1 0 1,6,1222,0,19552
3,8,0 0 2 0 2 2 2 0 1,6,1237,0,19792
3,8,0 0 2 1 0 2 0 0 1,6,1222,0,19552
3,8,0 0 2 1 0 2 1 0 1,6,1234,0,19744
3,8,0 0 2 1 0 2 2 0 1,6,1256,8,20104
3,8,0 0 2 1 1 2 0 0 1,6,1220,8,19528
3,8,0 0 2 1 1 2 1 0 1,6,1211,8,19384
3,8,0 0 2 1 1 2 2 0 1,6,1204,0,19264
3,8,0 0 2 1 2 2 0 0 1,6,1228,0,19648
3,8,0 0 2 1 2 2 1 0 1,6,1251,16,20032
3,8,0 0 2 1 2 2 2 0 1,6,1252,0,20032
3,8,0 0 2 2 0 0 0 0 1,6,1231,0,19696
3,8,0 0 2 2 0 0 1 0 1,6,1231,0,19696
3,8,0 0 2 2 0 0 2 0 1,6,1220,8,19528
3,8,0 0 2 2 0 2 0 0 1,6,1258,0,20128
3,8,0 0 2 2 0 2 1 0 1,6,1210,0,19360
3,8,0 0 2 2 0 2 2 0 1,6,1205,8,19288
3,8,0 0 2 2 1 0 0 0 1,6,1228,0,19648
3,8,0 0 2 2 1 0 1 0 1,6,1222,0,19552
3,8,0 0 2 2 1 0 2 0 1,6,1213,0,19408
3,8,0 0 2 2 1 2 0 0 1,6,1222,0,19552
3,8,0 0 2 2 1 2 1 0 1,6,1228,0,19648
3,8,0 0 2 2 1 2 2 0 1,6,1258,0,20128
3,8,0 0 2 2 2 0 0 0 1,6,1217,8,19480
3,8,0 0 2 2 2 0 1 0 1,6,1204,0,19264
3,8,0 0 2 2 2 0 2 0 1,6,1261,0,20176
3,8,0 0 2 2 2 2 0 0 1,6,1261,0,20176
3,8,0 0 2 2 2 2 1 0 1,6,1231,0,19696
3,8,0 0 2 2 2 2 2 0 1,6,1220,8,19528
3,8,0 1 0 0 0 2 0 0 1,6,1214,8,19432
3,8,0 1 0 0 0 2 1 0 1,6,1265,8,20248
3,8,0 1 0 0 0 2 2 0 1,6,1274,8,20392
3,8,0 1 0 0 1 2 0 0 1,6,1255,0,20080
3,8,0 1 0 0 1 2 1 0 1,6,1234,0,19744
3,8,0 1 0 0 1 2 2 0 1,6,1210,0,19360
3,8,0 1 0 0 2 2 0 0 1,6,1228,0,19648
3,8,0 1 0 0 2 2 1 0 1,6,1213,0,19408
3,8,0 1 0 0 2 2 2 0 1,6,1240,0,19840
3,8,0 1 0 1 0 2 0 0 1,6,1217,8,19480
3,8,0 1 0 1 0 2 1 0 1,6,1244,8,19912
3,8,0 1 0 1 0 2 2 0 1,6,1252,0,20032
3,8,0 1 0 1 1 2 0 0 1,6,1226,8,19624
3,8,0 1 0 1 1 2 1 0 1,6,1219,0,19504
3,8,0 1 0 1 1 2 2 0 1,6,1246,0,19936
3,8,0 1 0 1 2 2 0 0 1,6,1222,0,19552
3,8,0 1 0 1 2 2 1 0 1,6,1238,8,19816
3,8,0 1 0 1 2 2 2 0 1,6,1279,0,20464
3,8,0 1 0 2 0 0 0 0 1,6,1222,0,19552
3,8,0 1 0 2 0 0 1 0 1,6,1225,0,19600
3,8,0 1 0 2 0 0 2 0 1,6,1214,8,19432
3,8,0 1 0 2 0 2 0 0 1,6,1255,0,20080
3,8,0 1 0 2 0 2 1 0 1,6,1252,0,20032
3,8,0 1 0 2 0 2 2 0 1,6,1237,0,19792
3,8,0 1 0 2 1 0 0 0 1,6,1208,8,19336
3,8,0 1 0 2 1 0 1 0 1,6,1244,8,19912
3,8,0 1 0 2 1 0 2 0 1,6,1226,8,19624
3,8,0 1 0 2 1 2 0 0 1,6,1261,0,20176
3,8,0 1 0 2 1 2 1 0 1,6,1210,0,19360
3,8,0 1 0 2 1 2 2 0 1,6,1252,0,20032
3,8,0 1 0 2 2 0 0 0 1,6,1289,8,20632
3,8,0 1 0 2 2 0 1 0 1,6,1213,0,19408
3,8,0 1 0 2 2 0 2 0 1,6,1210,0,19360
3,8,0 1 0 2 2 2 0 0 1,6,1255,0,20080
3,8,0 1 0 2 2 2 1 0 1,6,1261,0,20176
3,8,0 1 0 2 2 2 2 0 1,6,1241,8,19864
3,8,0 1 1 0 0 2 0 0 1,6,1229,8,19672
3,8,0 1 1 0 0 2 1 0 1,6,1190,8,19048
3,8,0 1 1 0 0 2 2 0 1,6,1234,0,19744
3,8,0 1 1 0 1 2 0 0 1,6,1260,4,20164
3,8,0 1 1 0 1 2 1 0 1,6,1223,8,19576
3,8,0 1 1 0 1 2 2 0 1,6,1235,8,19768
3,8,0 1 1 0 2 2 0 0 1,6,1219,0,19504
3,8,0 1 1 0 2 2 1 0 1,6,1249,0,19984
3,8,0 1 1 0 2 2 2 0 1,6,1223,8,19576
3,8,0 1 1 1 0 2 0 0 1,6,1195,0,19120
3,8,0 1 1 1 0 2 1 0 1,6,1258,0,20128
3,8,0 1 1 1 0 2 2 0 1,6,1222,0,19552
3,8,0 1 1 1 1 2 0 0 1,6,1243,0,19888
3,8,0 1 1 1 1 2 1 0 1,6,1214,8,19432
3,8,0 1 1 1 1 2 2 0 1,6,1216,0,19456
3,8,0 1 1 1 2 2 0 0 1,6,1195,0,19120
3,8,0 1 1 1 2 2 1 0 1,6,1271,8,20344
3,8,0 1 1 1 2 2 2 0 1,6,1234,0,19744
3,8,0 1 1 2 0 0 0 0 1,6,1243,0,19888
3,8,0 1 1 2 0 0 1 0 1,6,1265,8,20248
3,8,0 1 1 2 0 0 2 0 1,6,1274,8,20392
3,8,0 1 1 2 0 2 0 0 1,6,1229,8,19672
3,8,0 1 1 2 0 2 1 0 1,6,1264,0,20224
3,8,0 1 1 2 0 2 2 0 1,6,1234,0,19744
3,8,0 1 1 2 1 0 0 0 1,6,1217,8,19480
3,8,0 1 1 2 1 0 1 0 1,6,1238,8,19816
3,8,0 1 1 2 1 0 2 0 1,6,1256,8,20104
3,8,0 1 1 2 1 2 0 0 1,6,1282,0,20512
3,8,0 1 1 2 1 2 1 0 1,6,1246,0,19936
3,8,0 1 1 2 1 2 2 0 1,6,1270,0,20320
3,8,0 1 1 2 2 0 0 0 1,6,1222,0,19552
3,8,0 1 1 2 2 0 1 0 1,6,1253,8,20056
3,8,0 1 1 2 2 0 2 0 1,6,1240,0,19840
3,8,0 1 1 2 2 2 0 0 1,6,1213,0,19408
3,8,0 1 1 2 2 2 1 0 1,6,1193,8,19096
3,8,0 1 1 2 2 2 2 0 1,6,1225,0,19600
3,8,0 1 2 0 0 2 0 0 1,6,1237,0,19792
3,8,0 1 2 0 0 2 1 0 1,6,1216,0,19456
3,8,0 1 2 0 0 2 2 0 1,6,1222,0,19552
3,8,0 1 2 0 1 2 0 0 1,6,1195,0,19120
3,8,0 1 2 0 1 2 1 0 1,6,1246,0,19936
3,8,0 1 2 0 1 2 2 0 1,6,1217,8,19480
3,8,0 1 2 0 2 2 0 0 1,6,1216,0,19456
3,8,0 1 2 0 2 2 1 0 1,6,1218,16,19504
3,8,0 1 2 0 2 2 2 0 1,6,1231,0,19696
3,8,0 1 2 1 0 2 0 0 1,6,1264,0,20224
3,8,0 1 2 1 0 2 1 0 1,6,1255,0,20080
3,8,0 1 2 1 0 2 2 0 1,6,1225,0,19600
3,8,0 1 2 1 1 2 0 0 1,6,1229,8,19672
3,8,0 1 2 1 1 2 1 0 1,6,1238,8,19816
3,8,0 1 2 1 1 2 2 0 1,6,1228,0,19648
3,8,0 1 2 1 2 2 0 0 1,6,1201,0,19216
3,8,0 1 2 1 2 2 1 0 1,6,1234,0,19744
3,8,0 1 2 1 2 2 2 0 1,6,1204,0,19264
3,8,0 1 2 2 0 0 0 0 1,6,1202,8,19240
3,8,0 1 2 2 0 0 1 0 1,6,1199,8,19192
3,8,0 1 2 2 0 0 2 0 1,6,1241,8,19864
3,8,0 1 2 2 0 2 0 0 1,6,1246,0,19936
3,8,0 1 2 2 0 2 1 0 1,6,1232,8,19720
3,8,0 1 2 2 0 2 2 0 1,6,1246,0,19936
3,8,0 1 2 2 1 0 0 0 1,6,1241,8,19864
3,8,0 1 2 2 1 0 1 0 1,6,1225,0,19600
3,8,0 1 2 2 1 0 2 0 1,6,1215,16,19456
3,8,0 1 2 2 1 2 0 0 1,6,1259,8,20152
3,8,0 1 2 2 1 2 1 0 1,6,1189,0,19024
3,8,0 1 2 2 1 2 2 0 1,6,1222,0,19552
3,8,0 1 2 2 2 0 0 0 1,6,1237,0,19792
3,8,0 1 2 2 2 0 1 0 1,6,1223,8,19576
3,8,0 1 2 2 2 0 2 0 1,6,1253,8,20056
3,8,0 1 2 2 2 2 0 0 1,6,1222,0,19552
3,8,0 1 2 2 2 2 1 0 1,6,1240,0,19840
3,8,0 1 2 2 2 2 2 0 1,6,1237,0,19792
3,8,0 2 0 0 0 0 0 0 1,6,1204,0,19264
3,8,0 2 0 0 0 0 1 0 1,6,1235,8,19768
3,8,0 2 0 0 0 0 2 0 1,6,1234,0,19744
3,8,0 2 0 0 0 2 0 0 1,6,1219,0,19504
3,8,0 2 0 0 0 2 1 0 1,6,1220,8,19528
3,8,0 2 0 0 0 2 2 0 1,6,1216,0,19456
3,8,0 2 0 0 1 0 0 0 1,6,1237,0,19792
3,8,0 2 0 0 1 0 1 0 1,6,1282,0,20512
3,8,0 2 0 0 1 0 2 0 1,6,1222,0,19552
3,8,0 2 0 0 1 2 0 0 1,6,1250,8,20008
3,8,0 2 0 0 1 2 1 0 1,6,1234,0,19744
3,8,0 2 0 0 1 2 2 0 1,6,1249,0,19984
3,8,0 2 0 0 2 0 0 0 1,6,1243,0,19888
3,8,0 2 0 0 2 0 1 0 1,6,1234,0,19744
3,8,0 2 0 0 2 0 2 0 1,6,1262,8,20200
3,8,0 2 0 0 2 2 0 0 1,6,1207,0,19312
3,8,0 2 0 0 2 2 1 0 1,6,1273,0,20368
3,8,0 2 0 0 2 2 2 0 1,6,1211,8,19384
3,8,0 2 0 1 0 2 0 0 1,6,1216,0,19456
3,8,0 2 0 1 0 2 1 0 1,6,1234,0,19744
3,8,0 2 0 1 0 2 2 0 1,6,1243,0,19888
3,8,0 2 0 1 1 2 0 0 1,6,1201,0,19216
3,8,0 2 0 1 1 2 1 0 1,6,1222,0,19552
3,8,0 2 0 1 1 2 2 0 1,6,1186,0,18976
3,8,0 2 0 1 2 2 0 0 1,6,1222,0,19552
3,8,0 2 0 1 2 2 1 0 1,6,1165,0,18640
3,8,0 2 0 1 2 2 2 0 1,6,1196,8,19144
3,8,0 2 0 2 0 0 0 0 1,6,1198,0,19168
3,8,0 2 0 2 0 0 1 0 1,6,1219,0,19504
3,8,0 2 0 2 0 0 2 0 1,6,1216,0,19456
3,8,0 2 0 2 0 2 0 0 1,6,1229,8,19672
3,8,0 2 0 2 0 2 1 0 1,6,1217,8,19480
3,8,0 2 0 2 0 2 2 0 1,6,1240,12,19852
3,8,0 2 0 2 1 0 0 0 1,6,1213,0,19408
3,8,0 2 0 2 1 0 1 0 1,6,1207,0,19312
3,8,0 2 0 2 1 0 2 0 1,6,1217,8,19480
3,8,0 2 0 2 1 2 0 0 1,6,1253,8,20056
3,8,0 2 0 2 1 2 1 0 1,6,1196,8,19144
3,8,0 2 0 2 1 2 2 0 1,6,1270,0,20320
3,8,0 2 0 2 2 0 0 0 1,6,1234,0,19744
3,8,0 2 0 2 2 0 1 0 1,6,1220,8,19528
3,8,0 2 0 2 2 0 2 0 1,6,1223,8,19576
3,8,0 2 0 2 2 2 0 0 1,6,1230,16,19696
3,8,0 2 0 2 2 2 1 0 1,6,1223,8,19576
3,8,0 2 0 2 2 2 2 0 1,6,1243,0,19888
3,8,0 2 1 0 0 0 0 0 1,6,1267,0,20272
3,8,0 2 1 0 0 0 1 0 1,6,1237,0,19792
3,8,0 2 1 0 0 0 2 0 1,6,1208,8,19336
3,8,0 2 1 0 0 2 0 0 1,6,1235,8,19768
3,8,0 2 1 0 0 2 1 0 1,6,1246,0,19936
3,8,0 2 1 0 0 2 2 0 1,6,1262,8,20200
3,8,0 2 1 0 1 0 0 0 1,6,1246,0,19936
3,8,0 2 1 0 1 0 1 0 1,6,1232,8,19720
3,8,0 2 1 0 1 0 2 0 1,6,1228,0,19648
3,8,0 2 1 0 1 2 0 0 1,6,1228,0,19648
3,8,0 2 1 0 1 2 1 0 1,6,1231,0,19696
3,8,0 2 1 0 1 2 2 0 1,6,1232,8,19720
3,8,0 2 1 0 2 0 0 0 1,6,1232,8,19720
3,8,0 2 1 0 2 0 1 0 1,6,1231,0,19696
3,8,0 2 1 0 2 0 2 0 1,6,1240,0,19840
3,8,0 2 1 0 2 2 0 0 1,6,1205,8,19288
3,8,0 2 1 0 2 2 1 0 1,6,1228,0,19648
3,8,0 2 1 0 2 2 2 0 1,6,1228,0,19648
3,8,0 2 1 1 0 2 0 0 1,6,1232,8,19720
3,8,0 2 1 1 0 2 1 0 1,6,1222,0,19552
3,8,0 2 1 1 0 2 2 0 1,6,1219,0,19504
3,8,0 2 1 1 1 2 0 0 1,6,1204,0,19264
3,8,0 2 1 1 1 2 1 0 1,6,1232,8,19720
3,8,0 2 1 1 1 2 2 0 1,6,1234,0,19744
3,8,0 2 1 1 2 2 0 0 1,6,1240,0,19840
3,8,0 2 1 1 2 2 1 0 1,6,1198,0,19168
3,8,0 2 1 1 2 2 2 0 1,6,1234,0,19744
3,8,0 2 1 2 0 0 0 0 1,6,1225,0,19600
3,8,0 2 1 2 0 0 1 0 1,6,1204,0,19264
3,8,0 2 1 2 0 0 2 0 1,6,1225,0,19600
3,8,0 2 1 2 0 2 0 0 1,6,1223,8,19576
3,8,0 2 1 2 0 2 1 0 1,6,1210,0,19360
3,8,0 2 1 2 0 2 2 0 1,6,1261,0,20176
3,8,0 2 1 2 1 0 0 0 1,6,1234,0,19744
3,8,0 2 1 2 1 0 1 0 1,6,1228,0,19648
3,8,0 2 1 2 1 0 2 0 1,6,1207,0,19312
3,8,0 2 1 2 1 2 0 0 1,6,1249,0,19984
3,8,0 2 1 2 1 2 1 0 1,6,1225,0,19600
3,8,0 2 1 2 1 2 2 0 1,6,1213,0,19408
3,8,0 2 1 2 2 0 0 0 1,6,1249,0,19984
3,8,0 2 1 2 2 0 1 0 1,6,1250,8,20008
3,8,0 2 1 2 2 0 2 0 1,6,1213,0,19408
3,8,0 2 1 2 2 2 0 0 1,6,1232,8,19720
3,8,0 2 1 2 2 2 1 0 1,6,1231,0,19696
3,8,0 2 1 2 2 2 2 0 1,6,1240,0,19840
3,8,0 2 2 0 0 0 0 0 1,6,1210,0,19360
3,8,0 2 2 0 0 0 1 0 1,6,1226,8,19624
3,8,0 2 2 0 0 0 2 0 1,6,1198,0,19168
3,8,0 2 2 0 0 2 0 0 1,6,1240,0,19840
3,8,0 2 2 0 0 2 1 0 1,6,1232,8,19720
3,8,0 2 2 0 0 2 2 0 1,6,1238,8,19816
3,8,0 2 2 0 1 0 0 0 1,6,1220,8,19528
3,8,0 2 2 0 1 0 1 0 1,6,1252,0,20032
3,8,0 2 2 0 1 0 2 0 1,6,1213,0,19408
3,8,0 2 2 0 1 2 0 0 1,6,1247,8,19960
3,8,0 2 2 0 1 2 1 0 1,6,1220,8,19528
3,8,0 2 2 0 1 2 2 0 1,6,1231,0,19696
3,8,0 2 2 0 2 0 0 0 1,6,1237,0,19792
3,8,0 2 2 0 2 0 1 0 1,6,1252,0,20032
3,8,0 2 2 0 2 0 2 0 1,6,1232,8,19720
3,8,0 2 2 0 2 2 0 0 1,6,1219,0,19504
3,8,0 2 2 0 2 2 1 0 1,6,1243,0,19888
3,8,0 2 2 0 2 2 2 0 1,6,1210,0,19360
3,8,0 2 2 1 0 2 0 0 1,6,1210,0,19360
3,8,0 2 2 1 0 2 1 0 1,6,1243,0,19888
3,8,0 2 2 1 0 2 2 0 1,6,1205,8,19288
3,8,0 2 2 1 1 2 0 0 1,6,1231,0,19696
3,8,0 2 2 1 1 2 1 0 1,6,1213,0,19408
3,8,0 2 2 1 1 2 2 0 1,6,1216,0,19456
3,8,0 2 2 1 2 2 0 0 1,6,1228,0,19648
3,8,0 2 2 1 2 2 1 0 1,6,1246,0,19936
3,8,0 2 2 1 2 2 2 0 1,6,1241,8,19864
3,8,0 2 2 2 0 0 0 0 1,6,1276,0,20416
3,8,0 2 2 2 0 0 1 0 1,6,1204,0,19264
3,8,0 2 2 2 0 0 2 0 1,6,1267,0,20272
3,8,0 2 2 2 0 2 0 0 1,6,1228,0,19648
3,8,0 2 2 2 0 2 1 0 1,6,1244,8,19912
3,8,0 2 2 2 0 2 2 0 1,6,1226,8,19624
3,8,0 2 2 2 1 0 0 0 1,6,1238,8,19816
3,8,0 2 2 2 1 0 1 0 1,6,1246,0,19936
3,8,0 2 2 2 1 0 2 0 1,6,1243,0,19888
3,8,0 2 2 2 1 2 0 0 1,6,1192,0,19072
3,8,0 2 2 2 1 2 1 0 1,6,1259,8,20152
3,8,0 2 2 2 1 2 2 0 1,6,1224,16,19600
3,8,0 2 2 2 2 0 0 0 1,6,1216,0,19456
3,8,0 2 2 2 2 0 1 0 1,6,1228,0,19648
3,8,0 2 2 2 2 0 2 0 1,6,1240,0,19840
3,8,0 2 2 2 2 2 0 0 1,6,1226,8,19624
3,8,0 2 2 2 2 2 1 0 1,6,1204,0,19264
3,8,0 2 2 2 2 2 2 0 1,6,1202,8,19240
