d,log10_v5_claimed,log10_katz_betti,log10_revised_rigorous,log10_sawin,revised_q0_if_small,note
1,7.2247,2.1584,0.8451,,8,exact formula: N_irr >= 1 for all admissible q
2,12.0412,5.7255,0.9031,4.6689,8,exact formula: N_irr >= 1 for all admissible q
3,16.5625,10.5872,2.012,5.3352,103,exact formula: N_irr >= 1 for all admissible q
4,21.0721,16.3316,4.218,5.8891,16518,
5,25.633,22.7425,6.8606,6.3547,7254800,
6,30.2623,29.6876,9.8645,6.7541,7319452480,
7,34.9638,37.0778,13.2012,7.103,15892839337445,
8,39.736,44.8494,16.8319,7.4124,,
9,44.576,52.9542,20.7201,7.69,,
10,49.4803,61.355,24.8361,7.9417,,
11,54.4455,70.0218,29.1554,8.1718,,
12,59.4681,78.9303,33.6581,8.3837,,
13,64.5451,88.06,38.3275,8.58,,
14,69.6734,97.3937,43.1499,8.7629,,
15,74.8505,106.9168,48.1132,8.934,,
16,80.074,116.6164,53.2075,9.0947,,
17,85.3416,126.4815,58.424,9.2463,,
18,90.6512,136.5021,63.7551,9.3896,,
19,96.0011,146.6696,69.194,9.5256,,
20,101.3895,156.9761,74.7349,9.655,,
21,106.8148,167.4147,80.3725,9.7783,,
22,112.2756,177.9789,86.102,9.8961,,
23,117.7705,188.663,91.9191,10.0089,,
24,123.2983,199.4617,97.8199,10.1171,,
25,128.8577,210.3703,103.8007,10.221,,
26,134.4477,221.3843,109.8585,10.321,,
27,140.0672,232.4995,115.99,10.4173,,
28,145.7154,243.7123,122.1926,10.5102,,
29,151.3912,255.0191,128.4636,10.5999,,
30,157.0939,266.4166,134.8006,10.6867,,
31,162.8227,277.9018,141.2015,10.7708,,
32,168.5768,289.4719,147.6641,10.8522,,
33,174.3555,301.1241,154.1864,10.9312,,
34,180.1581,312.856,160.7666,11.0078,,
35,185.984,324.6652,167.403,11.0823,,
36,191.8326,336.5494,174.094,11.1548,,
37,197.7033,348.5066,180.838,11.2253,,
38,203.5956,360.5348,187.6335,11.2939,,
39,209.509,372.6322,194.4792,11.3609,,
40,215.4429,384.7968,201.3738,11.4261,,
41,221.3969,397.0271,208.3161,11.4898,,
42,227.3705,409.3214,215.3048,11.5519,,
43,233.3634,421.6781,222.3389,11.6126,,
44,239.375,434.0959,229.4173,11.672,,
45,245.405,446.5733,236.5389,11.73,,
46,251.4531,459.1091,243.7028,11.7868,,
47,257.5188,471.7018,250.9081,11.8424,,
48,263.6018,484.3503,258.1539,11.8968,,
49,269.7018,497.0535,265.4392,11.9501,,
50,275.8184,509.8102,272.7634,12.0024,,
51,281.9513,522.6193,280.1256,12.0536,,
52,288.1003,535.4798,287.5251,12.1039,,
53,294.265,548.3907,294.9611,12.1532,,
54,300.4451,561.351,302.433,12.2016,,
55,306.6405,574.3599,309.94,12.2491,,
56,312.8508,587.4164,317.4816,12.2958,,
57,319.0758,600.5198,325.0571,12.3416,,
58,325.3152,613.669,332.6659,12.3867,,
59,331.5688,626.8635,340.3074,12.431,,
60,337.8364,640.1023,347.9811,12.4746,,
