d,p,f_coeffs_low_first,W_points,generators,E_subfield,N_irr,identity_holds,E_bound,E_within_bound,E_sharp_bound_dq+d^2,E_within_sharp_bound,W_minus_q^(d+1),CM_bound,CM_hypothesis_q>2(d+2)delta^2,within_CM_bound
1,3,0 1,9,6,3,3,1,3,1,4,1,0,15.0,0,1
1,3,1 1,9,6,3,3,1,3,1,4,1,0,15.0,0,1
1,5,0 1,25,20,5,10,1,5,1,6,1,0,25.0,0,1
1,5,1 1,25,20,5,10,1,5,1,6,1,0,25.0,0,1
1,7,0 1,49,42,7,21,1,7,1,8,1,0,35.0,1,1
1,7,3 1,49,42,7,21,1,7,1,8,1,0,35.0,1,1
1,11,0 1,121,110,11,55,1,11,1,12,1,0,55.0,1,1
1,11,10 1,121,110,11,55,1,11,1,12,1,0,55.0,1,1
2,5,0 0 1,125,120,5,30,1,30,1,14,1,0,125.0,0,1
2,5,0 0 1,125,120,5,30,1,30,1,14,1,0,125.0,0,1
2,7,0 0 1,343,336,7,84,1,56,1,18,1,0,245.0,0,1
2,7,6 4 1,343,336,7,84,1,56,1,18,1,0,245.0,0,1
2,11,0 0 1,1331,1320,11,330,1,132,1,26,1,0,605.0,1,1
2,11,1 5 1,1331,1320,11,330,1,132,1,26,1,0,605.0,1,1
2,13,0 0 1,2197,2184,13,546,1,182,1,30,1,0,845.0,1,1
2,13,9 0 1,2197,2184,13,546,1,182,1,30,1,0,845.0,1,1
3,5,0 0 0 1,625,624,1,104,1,155,1,,,0,12599.21,0,1
3,5,4 1 0 1,600,594,6,99,1,155,1,,,-25,12599.21,0,1
3,7,0 0 0 1,2401,2388,13,398,1,399,1,30,1,0,34572.23,0,1
3,7,0 3 3 1,2401,2388,13,398,1,399,1,30,1,0,34572.23,0,1
3,11,0 0 0 1,14641,14640,1,2440,1,1463,1,42,1,0,134156.39,0,1
3,11,1 3 1 1,14762,14748,14,2458,1,1463,1,42,1,121,134156.39,0,1
4,11,0 0 0 0 1,163361,163360,1,20420,1,14773,1,60,1,2310,173368091.72,0,1
4,11,8 6 0 9 1,161260,161240,20,20155,1,14773,1,60,1,209,173368091.72,0,1
